date,time_range,econ_gdp,econ_real_gdp,econ_nominal_potential_gdp,econ_real_gdp_per_capita,econ_federal_funds_rate,econ_cpi,econ_inflation_rate,econ_inflation,econ_retail_sales,econ_consumer_sentiment,econ_durable_goods,econ_unemployment_rate,econ_total_nonfarm_payroll,econ_initial_claims,econ_industrial_production_total_index,econ_housing_starts_total_units,econ_total_vehicle_sales,econ_retail_money_funds,econ_smoothed_us_recession_probabilities,econ_cd_3m_90d_rate,econ_credit_card_interest_rate_all_accounts,econ_mortgage_30y_fixed_average,econ_mortgage_15y_fixed_average
2020-03-31,q1y2020,21751.238,20709.212,21873.761113408145,62463.0,0.65,258.076,0.87,1.23358439630629,420954.0,89.1,204710.0,4.4,150895.0,5946000.0,97.4078,1266.0,11.825,1024.2,100.0,1.35,15.09,3.5,2.92
2020-06-30,q2y2020,19958.291,19077.992,21891.420034214145,57504.0,0.08,257.042,1.34,,465800.0,78.1,202777.0,11.0,137671.0,1446000.0,91.5934,1266.0,13.532,1141.5,0.14,0.2,14.52,3.13,2.59
2020-09-30,q3y2020,21704.437,20558.879,22191.760597223885,61936.0,0.09,259.997,1.63,,482702.0,80.4,230481.0,7.8,141770.0,795000.0,95.9669,1473.0,16.713,1088.5,0.04,0.13,14.58,2.9,2.4
2020-12-31,q4y2020,22087.16,20791.917,22432.146377339566,62605.0,0.09,262.045,1.99,,485949.0,80.7,241814.0,6.7,142548.0,773000.0,98.363,1614.0,16.906,1055.4,0.12,0.17,14.65,2.67,2.17
2021-03-31,q1y2021,22680.693,21082.134,22825.68359119761,63490.0,0.07,264.961,2.37,4.69785886363742,539607.0,84.9,253805.0,6.1,144232.0,658000.0,98.3856,1696.0,18.451,1020.4,0.02,0.1,14.75,3.17,2.45
2021-06-30,q2y2021,23425.91,21440.929,23296.308093083084,64539.0,0.08,270.654,2.32,,540152.0,85.5,258284.0,5.9,145820.0,368000.0,99.7987,1650.0,16.056,998.3,0.12,0.09,14.61,3.02,2.34
2021-09-30,q3y2021,23982.379,21617.828,23779.944781598577,64990.0,0.08,273.91,2.37,,536651.0,72.8,259192.0,4.7,147771.0,375000.0,98.8579,1577.0,12.731,989.1,1.56,0.1,14.54,3.01,2.28
2021-12-31,q4y2021,24813.6,21988.737,24323.077651873144,66011.0,0.08,280.845,2.56,,547277.0,70.6,277487.0,3.9,149816.0,217000.0,100.5726,1722.0,13.123,983.2,1.16,0.17,14.51,3.11,2.33
2022-03-31,q1y2022,25250.347,21932.71,24957.906399242383,65773.0,0.2,287.674,2.84,8.00279982052121,574485.0,59.4,277554.0,3.7,151315.0,214000.0,101.3907,1712.0,14.221,988.7,0.34,0.73,14.56,4.67,3.83
2022-06-30,q2y2022,25861.292,21967.045,25675.260814620862,65777.0,1.21,294.957,2.33,,585556.0,50.0,284763.0,3.6,152358.0,212000.0,101.018,1551.0,13.821,1000.1,0.46,1.87,15.13,5.7,4.83
2022-09-30,q3y2022,26336.304,22125.625,26120.983370162423,66120.0,2.56,296.349,2.15,,579446.0,58.6,282430.0,3.5,153582.0,190000.0,101.2918,1488.0,14.12,1072.3,0.52,3.21,16.27,6.7,5.96
2022-12-31,q4y2022,26770.514,22278.345,26537.985715078936,66433.0,4.1,298.832,2.3,,569119.0,59.8,293358.0,3.5,154342.0,205000.0,99.7664,1308.0,13.874,1171.1,1.4,4.51,19.07,6.42,5.68
2023-03-31,q1y2023,27216.445,22439.607,26961.553645490207,66789.0,4.65,301.821,2.32,4.11633838374488,578812.0,62.0,289270.0,3.5,155134.0,234000.0,101.0205,1377.0,15.621,1324.8,0.4,4.91,20.09,6.32,5.56
2023-06-30,q2y2023,27530.055,22580.499,27283.051413900626,67077.0,5.08,304.014,2.22,,588670.0,64.2,303971.0,3.6,155880.0,236000.0,100.1196,1421.0,16.606,1482.2,0.84,5.22,20.84,6.71,6.06
2023-09-30,q3y2023,28074.846,22840.989,27689.55161260564,67689.0,5.33,307.276,2.35,,598956.0,67.8,298229.0,3.7,156417.0,216000.0,101.0211,1371.0,16.209,1590.0,0.42,5.49,21.19,7.31,6.72
2023-12-30,q4y2023,28424.722,23033.78,27985.820647836863,68089.0,5.33,308.741,2.16,,594256.0,69.7,304324.0,3.8,156857.0,200000.0,100.6031,1521.0,16.321,1686.2,1.22,5.32,21.47,6.61,5.93
2024-03-30,q1y2024,28708.161,23082.119,28393.340755281242,68082.0,5.33,312.345,2.32,2.94952520485207,595969.0,79.4,287423.0,3.9,157466.0,223000.0,100.4575,1312.0,16.21,1758.9,0.36,,21.59,6.79,6.11
2024-06-29,q2y2024,29147.044,23286.508,28762.153447261328,68524.0,5.33,313.044,2.28,,599979.0,68.2,281128.0,4.1,157695.0,238000.0,100.894,1327.0,15.79,1848.9,0.58,,21.51,6.86,6.16
2024-09-30,q3y2024,29511.664,23478.57,29069.621690054224,68951.0,5.13,314.732,2.18,,608774.0,70.1,292469.0,4.1,157912.0,227000.0,99.8084,1357.0,16.341,1921.8,0.68,,21.76,6.08,5.16
2024-12-31,q4y2024,29825.182,23586.542,29426.93426786798,69168.0,4.48,317.604,2.34,,621713.0,74.0,290559.0,4.1,158316.0,202000.0,100.3273,1514.0,17.301,1994.9,0.3,,21.47,6.85,6.0
2025-03-31,q1y2025,30042.113,23548.21,29871.7290344,68979.0,4.33,319.785,2.38,,625121.0,57.0,316215.0,4.2,158377.0,220000.0,101.0404,1355.0,18.35,2063.1,0.24,,21.37,6.65,5.89
2025-06-30,q2y2025,30485.729,23770.976,30200.372087,69549.0,4.33,321.435,2.29,,624146.0,60.7,311761.0,4.1,158478.0,231000.0,101.4785,1382.0,16.282,2130.2,0.44,,21.16,6.77,5.89
2025-09-30,q3y2025,31098.027,24026.834,30600.807929,70218.0,4.22,324.245,2.36,,632395.0,55.1,314147.0,4.4,158548.0,225000.0,101.668,1328.0,16.985,2198.8,0.66,,21.39,6.3,5.49
2025-12-31,q4y2025,31422.526,24055.749,31029.6201689,70249.0,3.72,326.031,2.25,,634830.0,52.9,321342.0,4.4,158432.0,203000.0,101.6781,1387.0,16.4,2254.5,0.24,,20.97,6.15,5.44
